/*****PLEASE ENTER YOUR DETAILS BELOW*****/
--T2-rm-insert.sql

--Student ID: 
--Student Name: 

/* Comments for your marker:
The data in this task was generated by Gemini.
-- -----------------------------------------------------------------------------
-- COMPETITOR TABLE DATA
-- At least 15 competitors: 5 Monash, 5 Non-Monash, 5 additional
-- comp_no hardcoded below 100
-- -----------------------------------------------------------------------------
-- ENTRY TABLE DATA
-- At least 30 entries
-- At least 10 different competitors (comp_no 1-10 used for diversity)
-- At least 6 events from 3 different carnivals
-- At least 5 competitors who join >2 events
-- At least 2 uncompleted entries (NULL finishtime/elapsedtime)
-- Use TO_TIMESTAMP for start/finish times, ensure sensible times
-- Reference actual event_id and char_id from rm-schema-insert.sql
-- -----------------------------------------------------------------------------
-- TEAM TABLE DATA
-- At least 5 teams, 2 with >2 members, 1 team name used in 2 different carnivals
-- team_id hardcoded below 100
-- Reference actual carn_date and event_id from rm-schema-insert.sql
-- -----------------------------------------------------------------------------
-- Events from rm-schema-insert.sql and their carnivals:
-- Event 1: 5K, RM Spring Series Clayton 2024 (22-SEP-2024)
-- Event 2: 10K, RM Spring Series Clayton 2024 (22-SEP-2024)
-- Event 3: 5K, RM Spring Series Caulfield 2024 (05-OCT-2024)
-- Event 4: 10K, RM Spring Series Caulfield 2024 (05-OCT-2024)
-- Event 5: 21K, RM Spring Series Caulfield 2024 (05-OCT-2024)
-- Event 6: 3K, RM Summer Series Caulfield 2025 (02-FEB-2025)
-- Event 7: 5K, RM Summer Series Caulfield 2025 (02-FEB-2025)
-- Event 8: 10K, RM Summer Series Caulfield 2025 (02-FEB-2025)
-- Event 9: 21K, RM Summer Series Caulfield 2025 (02-FEB-2025)
-- Event 10: 3K, RM Autumn Series Clayton 2025 (15-MAR-2025)
-- Event 11: 42K, RM Autumn Series Clayton 2025 (15-MAR-2025)
-- Event 12: 5K, RM Winter Series Caulfield 2025 (29-JUN-2025)
-- Event 13: 10K, RM Winter Series Caulfield 2025 (29-JUN-2025)
-- Event 14: 21K, RM Winter Series Caulfield 2025 (29-JUN-2025)

-- Charities from rm-schema-insert.sql:
-- RSPCA (ID: 1)
-- Beyond Blue (ID: 2)
-- Salvation Army (ID: 3)
-- Amnesty International (ID: 4)
-- -----------------------------------------------------------------------------
*/

-- Task 2 Load the COMPETITOR, ENTRY and TEAM tables with your own
-- test data following the data requirements expressed in the brief

SET TRANSACTION READ WRITE;

-- COMPETITOR TABLE DATA
-- -----------------------------------------------------------------------------
-- 15 Competitors
INSERT INTO COMPETITOR (comp_no, comp_fname, comp_lname, comp_gender, comp_dob, comp_email, comp_unistatus, comp_phone) VALUES (1, 'Alice', 'Smith', 'F', TO_DATE('19-FEB-1995', 'DD-MON-YYYY'), 'alice.smith@monash.edu', 'Y', '0412345678');
INSERT INTO COMPETITOR (comp_no, comp_fname, comp_lname, comp_gender, comp_dob, comp_email, comp_unistatus, comp_phone) VALUES (2, 'Bob', 'Johnson', 'M', TO_DATE('22-APR-1988', 'DD-MON-YYYY'), 'bob.johnson@example.com', 'N', '0412876543');
INSERT INTO COMPETITOR (comp_no, comp_fname, comp_lname, comp_gender, comp_dob, comp_email, comp_unistatus, comp_phone) VALUES (3, 'Charlie', 'Brown', 'M', TO_DATE('05-JUN-1991', 'DD-MON-YYYY'), 'charlie.brown@monash.edu', 'Y', '0412112233');
INSERT INTO COMPETITOR (comp_no, comp_fname, comp_lname, comp_gender, comp_dob, comp_email, comp_unistatus, comp_phone) VALUES (4, 'Diana', 'Prince', 'F', TO_DATE('10-MAR-1985', 'DD-MON-YYYY'), 'diana.p@example.com', 'N', '0412445566');
INSERT INTO COMPETITOR (comp_no, comp_fname, comp_lname, comp_gender, comp_dob, comp_email, comp_unistatus, comp_phone) VALUES (5, 'Emily', 'White', 'F', TO_DATE('01-JUL-1998', 'DD-MON-YYYY'), 'emily.white@monash.edu', 'Y', '0412778899');
INSERT INTO COMPETITOR (comp_no, comp_fname, comp_lname, comp_gender, comp_dob, comp_email, comp_unistatus, comp_phone) VALUES (6, 'Frank', 'Green', 'M', TO_DATE('12-AUG-1980', 'DD-MON-YYYY'), 'frank.green@example.com', 'N', '0412998877');
INSERT INTO COMPETITOR (comp_no, comp_fname, comp_lname, comp_gender, comp_dob, comp_email, comp_unistatus, comp_phone) VALUES (7, 'Grace', 'Hall', 'F', TO_DATE('25-SEP-1993', 'DD-MON-YYYY'), 'grace.hall@monash.edu', 'Y', '0412667788');
INSERT INTO COMPETITOR (comp_no, comp_fname, comp_lname, comp_gender, comp_dob, comp_email, comp_unistatus, comp_phone) VALUES (8, 'Henry', 'King', 'M', TO_DATE('30-OCT-1982', 'DD-MON-YYYY'), 'henry.king@example.com', 'N', '0412334455');
INSERT INTO COMPETITOR (comp_no, comp_fname, comp_lname, comp_gender, comp_dob, comp_email, comp_unistatus, comp_phone) VALUES (9, 'Ivy', 'Lee', 'F', TO_DATE('03-NOV-1996', 'DD-MON-YYYY'), 'ivy.lee@monash.edu', 'Y', '0412556677');
INSERT INTO COMPETITOR (comp_no, comp_fname, comp_lname, comp_gender, comp_dob, comp_email, comp_unistatus, comp_phone) VALUES (10, 'Jack', 'Miller', 'M', TO_DATE('08-DEC-1989', 'DD-MON-YYYY'), 'jack.miller@example.com', 'N', '0412776655');
INSERT INTO COMPETITOR (comp_no, comp_fname, comp_lname, comp_gender, comp_dob, comp_email, comp_unistatus, comp_phone) VALUES (11, 'Karen', 'Nixon', 'F', TO_DATE('14-JAN-1994', 'DD-MON-YYYY'), 'karen.nixon@monash.edu', 'Y', '0412987654');
INSERT INTO COMPETITOR (comp_no, comp_fname, comp_lname, comp_gender, comp_dob, comp_email, comp_unistatus, comp_phone) VALUES (12, 'Liam', 'Owen', 'M', TO_DATE('17-FEB-1987', 'DD-MON-YYYY'), 'liam.owen@example.com', 'N', '0412109876');
INSERT INTO COMPETITOR (comp_no, comp_fname, comp_lname, comp_gender, comp_dob, comp_email, comp_unistatus, comp_phone) VALUES (13, 'Mia', 'Perez', 'F', TO_DATE('28-MAR-1999', 'DD-MON-YYYY'), 'mia.perez@monash.edu', 'Y', '0412321098');
INSERT INTO COMPETITOR (comp_no, comp_fname, comp_lname, comp_gender, comp_dob, comp_email, comp_unistatus, comp_phone) VALUES (14, 'Noah', 'Quinn', 'M', TO_DATE('09-APR-1983', 'DD-MON-YYYY'), 'noah.quinn@example.com', 'N', '0412543210');
INSERT INTO COMPETITOR (comp_no, comp_fname, comp_lname, comp_gender, comp_dob, comp_email, comp_unistatus, comp_phone) VALUES (15, 'Olivia', 'Ross', 'F', TO_DATE('21-MAY-1997', 'DD-MON-YYYY'), 'olivia.ross@monash.edu', 'Y', '0412765432');

-- ENTRY TABLE DATA
-- -----------------------------------------------------------------------------
-- At least 30 entries
-- Initially, set team_id to NULL for all entries. It will be updated later.

-- Event 2: 10 Km Run (RM Spring Series Clayton 2024, 22-SEP-2024)
INSERT INTO ENTRY (event_id, entry_no, entry_starttime, entry_finishtime, entry_elapsedtime, comp_no, team_id, char_id) VALUES (2, 1, TO_TIMESTAMP('08:30:00', 'HH24:MI:SS'), TO_TIMESTAMP('09:25:30', 'HH24:MI:SS'), INTERVAL '0 00:55:30' DAY TO SECOND, 1, NULL, 3); -- Alice Smith
INSERT INTO ENTRY (event_id, entry_no, entry_starttime, entry_finishtime, entry_elapsedtime, comp_no, team_id, char_id) VALUES (2, 2, TO_TIMESTAMP('08:31:00', 'HH24:MI:SS'), TO_TIMESTAMP('09:29:00', 'HH24:MI:SS'), INTERVAL '0 00:58:00' DAY TO SECOND, 2, NULL, 1); -- Bob Johnson
INSERT INTO ENTRY (event_id, entry_no, entry_starttime, entry_finishtime, entry_elapsedtime, comp_no, team_id, char_id) VALUES (2, 3, TO_TIMESTAMP('08:32:00', 'HH24:MI:SS'), TO_TIMESTAMP('09:30:00', 'HH24:MI:SS'), INTERVAL '0 00:58:00' DAY TO SECOND, 4, NULL, 3); -- Diana Prince
INSERT INTO ENTRY (event_id, entry_no, entry_starttime, entry_finishtime, entry_elapsedtime, comp_no, team_id, char_id) VALUES (2, 4, TO_TIMESTAMP('08:33:00', 'HH24:MI:SS'), TO_TIMESTAMP('09:32:00', 'HH24:MI:SS'), INTERVAL '0 00:59:00' DAY TO SECOND, 6, NULL, 3); -- Frank Green
INSERT INTO ENTRY (event_id, entry_no, entry_starttime, entry_finishtime, entry_elapsedtime, comp_no, team_id, char_id) VALUES (2, 5, TO_TIMESTAMP('08:34:00', 'HH24:MI:SS'), TO_TIMESTAMP('09:33:00', 'HH24:MI:SS'), INTERVAL '0 00:59:00' DAY TO SECOND, 10, NULL, 1); -- Jack Miller
INSERT INTO ENTRY (event_id, entry_no, entry_starttime, entry_finishtime, entry_elapsedtime, comp_no, team_id, char_id) VALUES (2, 6, TO_TIMESTAMP('08:35:00', 'HH24:MI:SS'), TO_TIMESTAMP('09:34:00', 'HH24:MI:SS'), INTERVAL '0 00:59:00' DAY TO SECOND, 13, NULL, 4); -- Mia Perez (Uncompleted)

-- Event 4: 10 Km Run (RM Spring Series Caulfield 2024, 05-OCT-2024)
INSERT INTO ENTRY (event_id, entry_no, entry_starttime, entry_finishtime, entry_elapsedtime, comp_no, team_id, char_id) VALUES (4, 1, TO_TIMESTAMP('08:30:00', 'HH24:MI:SS'), TO_TIMESTAMP('09:28:00', 'HH24:MI:SS'), INTERVAL '0 00:58:00' DAY TO SECOND, 2, NULL, 4); -- Bob Johnson
INSERT INTO ENTRY (event_id, entry_no, entry_starttime, entry_finishtime, entry_elapsedtime, comp_no, team_id, char_id) VALUES (4, 2, TO_TIMESTAMP('08:35:00', 'HH24:MI:SS'), TO_TIMESTAMP('09:30:15', 'HH24:MI:SS'), INTERVAL '0 00:55:15' DAY TO SECOND, 1, NULL, 1); -- Alice Smith
INSERT INTO ENTRY (event_id, entry_no, entry_starttime, entry_finishtime, entry_elapsedtime, comp_no, team_id, char_id) VALUES (4, 3, TO_TIMESTAMP('08:36:00', 'HH24:MI:SS'), TO_TIMESTAMP('09:35:00', 'HH24:MI:SS'), INTERVAL '0 00:59:00' DAY TO SECOND, 4, NULL, 2); -- Diana Prince
INSERT INTO ENTRY (event_id, entry_no, entry_starttime, entry_finishtime, entry_elapsedtime, comp_no, team_id, char_id) VALUES (4, 4, TO_TIMESTAMP('08:37:00', 'HH24:MI:SS'), TO_TIMESTAMP('09:36:00', 'HH24:MI:SS'), INTERVAL '0 00:59:00' DAY TO SECOND, 7, NULL, 1); -- Grace Hall
INSERT INTO ENTRY (event_id, entry_no, entry_starttime, entry_finishtime, entry_elapsedtime, comp_no, team_id, char_id) VALUES (4, 5, TO_TIMESTAMP('08:38:00', 'HH24:MI:SS'), TO_TIMESTAMP('09:37:00', 'HH24:MI:SS'), INTERVAL '0 00:59:00' DAY TO SECOND, 10, NULL, 4); -- Jack Miller
INSERT INTO ENTRY (event_id, entry_no, entry_starttime, entry_finishtime, entry_elapsedtime, comp_no, team_id, char_id) VALUES (4, 6, TO_TIMESTAMP('08:39:00', 'HH24:MI:SS'), TO_TIMESTAMP('09:38:00', 'HH24:MI:SS'), INTERVAL '0 00:59:00' DAY TO SECOND, 13, NULL, 3); -- Mia Perez
INSERT INTO ENTRY (event_id, entry_no, entry_starttime, entry_finishtime, entry_elapsedtime, comp_no, team_id, char_id) VALUES (4, 7, TO_TIMESTAMP('08:40:00', 'HH24:MI:SS'), TO_TIMESTAMP('09:39:00', 'HH24:MI:SS'), INTERVAL '0 00:59:00' DAY TO SECOND, 3, NULL, 2); -- Charlie Brown

-- Event 12: 10 Km Run (RM Winter Series Caulfield 2025, 29-JUN-2025)
INSERT INTO ENTRY (event_id, entry_no, entry_starttime, entry_finishtime, entry_elapsedtime, comp_no, team_id, char_id) VALUES (12, 1, TO_TIMESTAMP('08:30:00', 'HH24:MI:SS'), TO_TIMESTAMP('09:28:00', 'HH24:MI:SS'), INTERVAL '0 00:58:00' DAY TO SECOND, 3, NULL, 2); -- Charlie Brown
INSERT INTO ENTRY (event_id, entry_no, entry_starttime, entry_finishtime, entry_elapsedtime, comp_no, team_id, char_id) VALUES (12, 2, TO_TIMESTAMP('08:31:00', 'HH24:MI:SS'), TO_TIMESTAMP('09:29:00', 'HH24:MI:SS'), INTERVAL '0 00:58:00' DAY TO SECOND, 1, NULL, 3); -- Alice Smith
INSERT INTO ENTRY (event_id, entry_no, entry_starttime, entry_finishtime, entry_elapsedtime, comp_no, team_id, char_id) VALUES (12, 3, TO_TIMESTAMP('08:32:00', 'HH24:MI:SS'), TO_TIMESTAMP('09:30:00', 'HH24:MI:SS'), INTERVAL '0 00:58:00' DAY TO SECOND, 5, NULL, 4); -- Emily White
INSERT INTO ENTRY (event_id, entry_no, entry_starttime, entry_finishtime, entry_elapsedtime, comp_no, team_id, char_id) VALUES (12, 4, TO_TIMESTAMP('08:33:00', 'HH24:MI:SS'), TO_TIMESTAMP('09:32:00', 'HH24:MI:SS'), INTERVAL '0 00:59:00' DAY TO SECOND, 9, NULL, 1); -- Ivy Lee

-- Event 14: 42 Km Marathon (RM Winter Series Caulfield 2025, 29-JUN-2025)
INSERT INTO ENTRY (event_id, entry_no, entry_starttime, entry_finishtime, entry_elapsedtime, comp_no, team_id, char_id) VALUES (14, 1, TO_TIMESTAMP('07:45:00', 'HH24:MI:SS'), TO_TIMESTAMP('12:15:00', 'HH24:MI:SS'), INTERVAL '0 04:30:00' DAY TO SECOND, 4, NULL, 3); -- Diana Prince
INSERT INTO ENTRY (event_id, entry_no, entry_starttime, entry_finishtime, entry_elapsedtime, comp_no, team_id, char_id) VALUES (14, 2, TO_TIMESTAMP('07:46:00', 'HH24:MI:SS'), TO_TIMESTAMP('12:20:00', 'HH24:MI:SS'), INTERVAL '0 04:34:00' DAY TO SECOND, 8, NULL, 1); -- Henry King

-- Event 1: 5 Km Run (RM Spring Series Clayton 2024, 22-SEP-2024)
INSERT INTO ENTRY (event_id, entry_no, entry_starttime, entry_finishtime, entry_elapsedtime, comp_no, team_id, char_id) VALUES (1, 1, TO_TIMESTAMP('08:00:00', 'HH24:MI:SS'), TO_TIMESTAMP('08:25:00', 'HH24:MI:SS'), INTERVAL '0 00:25:00' DAY TO SECOND, 5, NULL, 2); -- Emily White
INSERT INTO ENTRY (event_id, entry_no, entry_starttime, entry_finishtime, entry_elapsedtime, comp_no, team_id, char_id) VALUES (1, 2, TO_TIMESTAMP('08:01:00', 'HH24:MI:SS'), TO_TIMESTAMP('08:26:00', 'HH24:MI:SS'), INTERVAL '0 00:25:00' DAY TO SECOND, 6, NULL, 2); -- Frank Green
INSERT INTO ENTRY (event_id, entry_no, entry_starttime, entry_finishtime, entry_elapsedtime, comp_no, team_id, char_id) VALUES (1, 3, TO_TIMESTAMP('08:02:00', 'HH24:MI:SS'), NULL, NULL, 1, NULL, 1); -- Alice Smith (Uncompleted)
INSERT INTO ENTRY (event_id, entry_no, entry_starttime, entry_finishtime, entry_elapsedtime, comp_no, team_id, char_id) VALUES (1, 4, TO_TIMESTAMP('08:03:00', 'HH24:MI:SS'), TO_TIMESTAMP('08:28:00', 'HH24:MI:SS'), INTERVAL '0 00:25:00' DAY TO SECOND, 2, NULL, 1); -- Bob Johnson

-- Event 3: 3 Km Community Run/Walk (RM Spring Series Caulfield 2024, 05-OCT-2024)
INSERT INTO ENTRY (event_id, entry_no, entry_starttime, entry_finishtime, entry_elapsedtime, comp_no, team_id, char_id) VALUES (3, 1, TO_TIMESTAMP('09:00:00', 'HH24:MI:SS'), TO_TIMESTAMP('09:20:00', 'HH24:MI:SS'), INTERVAL '0 00:20:00' DAY TO SECOND, 11, NULL, 3); -- Karen Nixon
INSERT INTO ENTRY (event_id, entry_no, entry_starttime, entry_finishtime, entry_elapsedtime, comp_no, team_id, char_id) VALUES (3, 2, TO_TIMESTAMP('09:01:00', 'HH24:MI:SS'), TO_TIMESTAMP('09:21:00', 'HH24:MI:SS'), INTERVAL '0 00:20:00' DAY TO SECOND, 12, NULL, 3); -- Liam Owen
INSERT INTO ENTRY (event_id, entry_no, entry_starttime, entry_finishtime, entry_elapsedtime, comp_no, team_id, char_id) VALUES (3, 3, TO_TIMESTAMP('09:02:00', 'HH24:MI:SS'), TO_TIMESTAMP('09:22:00', 'HH24:MI:SS'), INTERVAL '0 00:20:00' DAY TO SECOND, 14, NULL, 3); -- Noah Quinn

-- Event 5: Half Marathon 21.1 Km (RM Spring Series Caulfield 2024, 05-OCT-2024)
INSERT INTO ENTRY (event_id, entry_no, entry_starttime, entry_finishtime, entry_elapsedtime, comp_no, team_id, char_id) VALUES (5, 1, TO_TIMESTAMP('08:00:00', 'HH24:MI:SS'), TO_TIMESTAMP('10:00:00', 'HH24:MI:SS'), INTERVAL '0 02:00:00' DAY TO SECOND, 15, NULL, 2); -- Olivia Ross

-- Event 6: Marathon 42.2 Km (RM Spring Series Caulfield 2024, 05-OCT-2024)
INSERT INTO ENTRY (event_id, entry_no, entry_starttime, entry_finishtime, entry_elapsedtime, comp_no, team_id, char_id) VALUES (6, 1, TO_TIMESTAMP('07:00:00', 'HH24:MI:SS'), TO_TIMESTAMP('11:30:00', 'HH24:MI:SS'), INTERVAL '0 04:30:00' DAY TO SECOND, 7, NULL, 4); -- Grace Hall

-- Event 7: 5 Km Run (RM Autumn Series Clayton 2025, 15-MAR-2025)
INSERT INTO ENTRY (event_id, entry_no, entry_starttime, entry_finishtime, entry_elapsedtime, comp_no, team_id, char_id) VALUES (7, 1, TO_TIMESTAMP('08:00:00', 'HH24:MI:SS'), TO_TIMESTAMP('08:25:00', 'HH24:MI:SS'), INTERVAL '0 00:25:00' DAY TO SECOND, 3, NULL, 1); -- Charlie Brown
INSERT INTO ENTRY (event_id, entry_no, entry_starttime, entry_finishtime, entry_elapsedtime, comp_no, team_id, char_id) VALUES (7, 2, TO_TIMESTAMP('08:01:00', 'HH24:MI:SS'), TO_TIMESTAMP('08:26:00', 'HH24:MI:SS'), INTERVAL '0 00:25:00' DAY TO SECOND, 5, NULL, 1); -- Emily White

-- Event 8: 10 Km Run (RM Autumn Series Clayton 2025, 15-MAR-2025)
INSERT INTO ENTRY (event_id, entry_no, entry_starttime, entry_finishtime, entry_elapsedtime, comp_no, team_id, char_id) VALUES (8, 1, TO_TIMESTAMP('08:30:00', 'HH24:MI:SS'), TO_TIMESTAMP('09:30:00', 'HH24:MI:SS'), INTERVAL '0 01:00:00' DAY TO SECOND, 9, NULL, 4); -- Ivy Lee

-- Event 9: Half Marathon 21.1 Km (RM Autumn Series Clayton 2025, 15-MAR-2025)
INSERT INTO ENTRY (event_id, entry_no, entry_starttime, entry_finishtime, entry_elapsedtime, comp_no, team_id, char_id) VALUES (9, 1, TO_TIMESTAMP('08:00:00', 'HH24:MI:SS'), TO_TIMESTAMP('10:05:00', 'HH24:MI:SS'), INTERVAL '0 02:05:00' DAY TO SECOND, 11, NULL, 2); -- Karen Nixon

-- Event 10: 3 Km Community Run/Walk (RM Winter Series Caulfield 2025, 29-JUN-2025)
INSERT INTO ENTRY (event_id, entry_no, entry_starttime, entry_finishtime, entry_elapsedtime, comp_no, team_id, char_id) VALUES (10, 1, TO_TIMESTAMP('09:00:00', 'HH24:MI:SS'), TO_TIMESTAMP('09:20:00', 'HH24:MI:SS'), INTERVAL '0 00:20:00' DAY TO SECOND, 14, NULL, 3); -- Noah Quinn
INSERT INTO ENTRY (event_id, entry_no, entry_starttime, entry_finishtime, entry_elapsedtime, comp_no, team_id, char_id) VALUES (10, 2, TO_TIMESTAMP('09:01:00', 'HH24:MI:SS'), TO_TIMESTAMP('09:21:00', 'HH24:MI:SS'), INTERVAL '0 00:20:00' DAY TO SECOND, 15, NULL, 3); -- Olivia Ross

-- Event 11: 5 Km Run (RM Winter Series Caulfield 2025, 29-JUN-2025)
INSERT INTO ENTRY (event_id, entry_no, entry_starttime, entry_finishtime, entry_elapsedtime, comp_no, team_id, char_id) VALUES (11, 1, TO_TIMESTAMP('08:00:00', 'HH24:MI:SS'), TO_TIMESTAMP('08:28:00', 'HH24:MI:SS'), INTERVAL '0 00:28:00' DAY TO SECOND, 6, NULL, 2); -- Frank Green

-- Event 13: 21.1 Km Half Marathon (RM Winter Series Caulfield 2025, 29-JUN-2025)
INSERT INTO ENTRY (event_id, entry_no, entry_starttime, entry_finishtime, entry_elapsedtime, comp_no, team_id, char_id) VALUES (13, 1, TO_TIMESTAMP('08:00:00', 'HH24:MI:SS'), TO_TIMESTAMP('10:00:00', 'HH24:MI:SS'), INTERVAL '0 02:00:00' DAY TO SECOND, 3, NULL, 2); -- Charlie Brown


-- TEAM TABLE DATA
-- -----------------------------------------------------------------------------
-- At least 5 teams, 2 with >2 members, 1 team name used in 2 different carnivals
-- team_id hardcoded below 100
-- Reference actual carn_date and event_id from rm-schema-insert.sql
-- Note: team_entry_fk now correctly references (event_id, entry_no) in ENTRY.

-- Team 1: Speedy Gazelles (RM Spring Series Clayton 2024) - leader: Alice Smith (comp_no 1), Entry in Event 2 (10 Km Run) entry_no 1
INSERT INTO TEAM (team_id, team_name, carn_date, event_id, entry_no) VALUES (1, 'Speedy Gazelles', TO_DATE('22-SEP-2024', 'DD-MON-YYYY'), 2, 1);

-- Team 2: Roadrunners (RM Spring Series Caulfield 2024) - leader: Bob Johnson (comp_no 2), Entry in Event 4 (10 Km Run) entry_no 1
INSERT INTO TEAM (team_id, team_name, carn_date, event_id, entry_no) VALUES (2, 'Roadrunners', TO_DATE('05-OCT-2024', 'DD-MON-YYYY'), 4, 1);

-- Team 3: Trail Blazers (RM Winter Series Caulfield 2025) - leader: Charlie Brown (comp_no 3), Entry in Event 12 (10 Km Run) entry_no 1
INSERT INTO TEAM (team_id, team_name, carn_date, event_id, entry_no) VALUES (3, 'Trail Blazers', TO_DATE('29-JUN-2025', 'DD-MON-YYYY'), 12, 1);

-- Team 4: Lone Wolves (RM Autumn Series Clayton 2025) - leader: Diana Prince (comp_no 4), Entry in Event 14 (42 Km Run) entry_no 1
INSERT INTO TEAM (team_id, team_name, carn_date, event_id, entry_no) VALUES (4, 'Lone Wolves', TO_DATE('29-JUN-2025', 'DD-MON-YYYY'), 14, 1);

-- Team 5: Forest Friends (RM Spring Series Clayton 2024) - leader: Emily White (comp_no 5), Entry in Event 1 (5 Km Run) entry_no 1
INSERT INTO TEAM (team_id, team_name, carn_date, event_id, entry_no) VALUES (5, 'Forest Friends', TO_DATE('22-SEP-2024', 'DD-MON-YYYY'), 1, 1);

-- Team 6: Night Owls (RM Spring Series Clayton 2024) - leader: Alice Smith (comp_no 1), Entry in Event 1 (5 Km Run) entry_no 3 (Alice has 2 entries in Event 1)
INSERT INTO TEAM (team_id, team_name, carn_date, event_id, entry_no) VALUES (6, 'Night Owls', TO_DATE('22-SEP-2024', 'DD-MON-YYYY'), 1, 3);


-- UPDATE ENTRY TABLE with team_id values
-- -----------------------------------------------------------------------------
-- This section links entries to their respective teams AFTER all TEAM records are inserted.

-- Team 1: Speedy Gazelles (RM Spring Series Clayton 2024, team_id 1)
-- Leader: Alice Smith (comp_no 1), Entry (event_id 2, entry_no 1)
UPDATE ENTRY SET team_id = 1 WHERE event_id = 2 AND entry_no = 1;
-- Member: Bob Johnson (comp_no 2), Entry (event_id 2, entry_no 2)
UPDATE ENTRY SET team_id = 1 WHERE event_id = 2 AND entry_no = 2;


-- Team 2: Roadrunners (RM Spring Series Caulfield 2024, team_id 2)
-- Leader: Bob Johnson (comp_no 2), Entry (event_id 4, entry_no 1)
UPDATE ENTRY SET team_id = 2 WHERE event_id = 4 AND entry_no = 1;
-- Member: Alice Smith (comp_no 1), Entry (event_id 4, entry_no 2)
UPDATE ENTRY SET team_id = 2 WHERE event_id = 4 AND entry_no = 2;


-- Team 3: Trail Blazers (RM Winter Series Caulfield 2025, team_id 3)
-- Leader: Charlie Brown (comp_no 3), Entry (event_id 12, entry_no 1)
UPDATE ENTRY SET team_id = 3 WHERE event_id = 12 AND entry_no = 1;
-- Members: Emily White (comp_no 5, entry 12,3), Ivy Lee (comp_no 9, entry 12,4)
UPDATE ENTRY SET team_id = 3 WHERE event_id = 12 AND entry_no = 3;
UPDATE ENTRY SET team_id = 3 WHERE event_id = 12 AND entry_no = 4;


-- Team 4: Lone Wolves (RM Autumn Series Clayton 2025, team_id 4)
-- Leader: Diana Prince (comp_no 4), Entry (event_id 14, entry_no 1)
UPDATE ENTRY SET team_id = 4 WHERE event_id = 14 AND entry_no = 1;
-- Member: Henry King (comp_no 8, entry 14,2)
UPDATE ENTRY SET team_id = 4 WHERE event_id = 14 AND entry_no = 2;


-- Team 5: Forest Friends (RM Spring Series Clayton 2024, team_id 5)
-- Leader: Emily White (comp_no 5), Entry (event_id 1, entry_no 1)
UPDATE ENTRY SET team_id = 5 WHERE event_id = 1 AND entry_no = 1;
-- Member: Frank Green (comp_no 6), Entry (event_id 1, entry_no 2)
UPDATE ENTRY SET team_id = 5 WHERE event_id = 1 AND entry_no = 2;


-- Team 6: Night Owls (RM Spring Series Clayton 2024, team_id 6)
-- Leader: Alice Smith (comp_no 1), Entry (event_id 1, entry_no 3)
UPDATE ENTRY SET team_id = 6 WHERE event_id = 1 AND entry_no = 3;
-- Member: Bob Johnson (comp_no 2), Entry (event_id 1, entry_no 4)
UPDATE ENTRY SET team_id = 6 WHERE event_id = 1 AND entry_no = 4;


COMMIT;